<?xml version="1.0" encoding="UTF-8"?>
<metadata xml:lang="en"><Esri><CreaDate>20150403</CreaDate><CreaTime>11111200</CreaTime><ArcGISFormat>1.0</ArcGISFormat><ArcGISstyle>XTools Pro Metadata</ArcGISstyle><SyncOnce>FALSE</SyncOnce><DataProperties><lineage><Process ToolSource="C:\Program Files (x86)\ArcGIS\Desktop10.0\ArcToolbox\Toolboxes\Data Management Tools.tbx\CalculateField" Date="20120709" Time="161512">CalculateField sa2011VTTNC STATE_PROV "Vermont" VB #</Process><Process ToolSource="C:\Program Files (x86)\ArcGIS\Desktop10.0\ArcToolbox\Toolboxes\Data Management Tools.tbx\CalculateField" Date="20120709" Time="161544">CalculateField sa2011VTTNC STATE_PROV "VT" VB #</Process><Process ToolSource="C:\Program Files (x86)\ArcGIS\Desktop10.0\ArcToolbox\Toolboxes\Data Management Tools.tbx\CalculateField" Date="20120709" Time="161603">CalculateField sa2011VTTNC STATE_PROV "VT" VB #</Process><Process ToolSource="C:\Program Files (x86)\ArcGIS\Desktop10.0\ArcToolbox\Toolboxes\Data Management Tools.tbx\CalculateField" Date="20120709" Time="162716">CalculateField sa2011VTTNC STATE_PROV "VT" VB #</Process><Process ToolSource="C:\Program Files (x86)\ArcGIS\Desktop10.0\ArcToolbox\Toolboxes\Data Management Tools.tbx\CalculateField" Date="20120709" Time="162820">CalculateField sa2011VTTNC TNC_INTRST "Fee" VB #</Process><Process ToolSource="C:\Program Files (x86)\ArcGIS\Desktop10.0\ArcToolbox\Toolboxes\Data Management Tools.tbx\CalculateField" Date="20120918" Time="170309">CalculateField sa2011VTTNC CLS_TRACTID 10052998 VB #</Process><Process ToolSource="C:\Program Files (x86)\ArcGIS\Desktop10.0\ArcToolbox\Toolboxes\Data Management Tools.tbx\CalculateField" Date="20120918" Time="170401">CalculateField sa2011VTTNC CLS_TRACTID 10004444 VB #</Process><Process ToolSource="C:\Program Files (x86)\ArcGIS\Desktop10.0\ArcToolbox\Toolboxes\Data Management Tools.tbx\CalculateField" Date="20120918" Time="170433">CalculateField sa2011VTTNC CLS_TRACTID 10022721 VB #</Process><Process ToolSource="C:\Program Files (x86)\ArcGIS\Desktop10.0\ArcToolbox\Toolboxes\Data Management Tools.tbx\CalculateField" Date="20120924" Time="140519">CalculateField sa2011VTTNC AREA_NAME [AreaName] VB #</Process><Process ToolSource="C:\Program Files (x86)\ArcGIS\Desktop10.0\ArcToolbox\Toolboxes\Data Management Tools.tbx\CalculateField" Date="20120924" Time="140538">CalculateField sa2011VTTNC STATE_PROV "Vermont" VB #</Process><Process ToolSource="C:\Program Files (x86)\ArcGIS\Desktop10.0\ArcToolbox\Toolboxes\Data Management Tools.tbx\CalculateField" Date="20120924" Time="140551">CalculateField sa2011VTTNC STATE_PROV "VT" VB #</Process><Process ToolSource="C:\Program Files (x86)\ArcGIS\Desktop10.0\ArcToolbox\Toolboxes\Data Management Tools.tbx\CalculateField" Date="20120924" Time="140724">CalculateField sa2011VTTNC INT_HOLDER "The Nature Conservancy" VB #</Process><Process ToolSource="C:\Program Files (x86)\ArcGIS\Desktop10.0\ArcToolbox\Toolboxes\Data Management Tools.tbx\CalculateField" Date="20120924" Time="145815">CalculateField sa2011VTTNC TNC_INTRST "NAT" VB #</Process><Process ToolSource="C:\Program Files (x86)\ArcGIS\Desktop10.0\ArcToolbox\Toolboxes\Data Management Tools.tbx\CalculateField" Date="20120924" Time="145829">CalculateField sa2011VTTNC ST_DESIG "NAT" VB #</Process><Process ToolSource="C:\Program Files (x86)\ArcGIS\Desktop10.0\ArcToolbox\Toolboxes\Data Management Tools.tbx\CalculateField" Date="20120924" Time="150435">CalculateField sa2011VTTNC ST_DESIG "PCL" VB #</Process><Process ToolSource="C:\Program Files (x86)\ArcGIS\Desktop10.0\ArcToolbox\Toolboxes\Data Management Tools.tbx\CalculateField" Date="20120924" Time="150941">CalculateField sa2011VTTNC ST_DESIG "CE" VB #</Process><Process ToolSource="C:\Program Files (x86)\ArcGIS\Desktop10.0\ArcToolbox\Toolboxes\Data Management Tools.tbx\CalculateField" Date="20120924" Time="150957">CalculateField sa2011VTTNC DESIGNAT "CE" VB #</Process><Process ToolSource="C:\Program Files (x86)\ArcGIS\Desktop10.0\ArcToolbox\Toolboxes\Data Management Tools.tbx\CalculateField" Date="20120924" Time="153138">CalculateField sa2011VTTNC GAP_ORIG [GAP_STATUS] VB #</Process><Process ToolSource="C:\Program Files (x86)\ArcGIS\Desktop10.0\ArcToolbox\Toolboxes\Data Management Tools.tbx\CalculateField" Date="20120924" Time="153147">CalculateField sa2011VTTNC GAP_TNC [GAP_STATUS] VB #</Process><Process ToolSource="C:\Program Files (x86)\ArcGIS\Desktop10.0\ArcToolbox\Toolboxes\Data Management Tools.tbx\CalculateField" Date="20120924" Time="153214">CalculateField sa2011VTTNC GAP_ORIG [GAP_STATUS] VB #</Process><Process ToolSource="C:\Program Files (x86)\ArcGIS\Desktop10.0\ArcToolbox\Toolboxes\Data Management Tools.tbx\CalculateField" Date="20120924" Time="153223">CalculateField sa2011VTTNC GAP_TNC [GAP_STATUS] VB #</Process><Process ToolSource="C:\Program Files (x86)\ArcGIS\Desktop10.0\ArcToolbox\Toolboxes\Data Management Tools.tbx\CalculateField" Date="20120925" Time="113549">CalculateField sa2011VTTNC FEE_OWNER "Private Land Owner" VB #</Process><Process ToolSource="C:\Program Files (x86)\ArcGIS\Desktop10.0\ArcToolbox\Toolboxes\Data Management Tools.tbx\CalculateField" Date="20120925" Time="114124">CalculateField sa2011VTTNC SOURCE "The Nature Conservancy of Vermont" VB #</Process><Process ToolSource="C:\Program Files (x86)\ArcGIS\Desktop10.0\ArcToolbox\Toolboxes\Data Management Tools.tbx\CalculateField" Date="20120925" Time="165144">CalculateField sa2011VTTNC INT_HOLDER "VT Department of Fish and Wildlife" VB #</Process><Process ToolSource="C:\Program Files (x86)\ArcGIS\Desktop10.0\ArcToolbox\Toolboxes\Data Management Tools.tbx\CalculateField" Date="20120927" Time="092536">CalculateField sa2011VT FEE_OWNER "Unknown" VB #</Process><Process ToolSource="C:\Program Files (x86)\ArcGIS\Desktop10.0\ArcToolbox\Toolboxes\Data Management Tools.tbx\CalculateField" Date="20120927" Time="092553">CalculateField sa2011VT FEE_ORGTYP "UNK" VB #</Process><Process ToolSource="C:\Program Files (x86)\ArcGIS\Desktop10.0\ArcToolbox\Toolboxes\Data Management Tools.tbx\CalculateField" Date="20120927" Time="092607">CalculateField sa2011VT STATE_PROV "VT" VB #</Process><Process ToolSource="C:\Program Files (x86)\ArcGIS\Desktop10.0\ArcToolbox\Toolboxes\Data Management Tools.tbx\CalculateField" Date="20120927" Time="092625">CalculateField sa2011VT INT_ORGTYP "PNP" VB #</Process><Process ToolSource="C:\Program Files (x86)\ArcGIS\Desktop10.0\ArcToolbox\Toolboxes\Data Management Tools.tbx\CalculateField" Date="20120927" Time="092635">CalculateField sa2011VT INT_TYPE "E" VB #</Process><Process ToolSource="C:\Program Files (x86)\ArcGIS\Desktop10.0\ArcToolbox\Toolboxes\Data Management Tools.tbx\CalculateField" Date="20120927" Time="092721">CalculateField sa2011VT ST_DESIG "CE" VB #</Process><Process ToolSource="C:\Program Files (x86)\ArcGIS\Desktop10.0\ArcToolbox\Toolboxes\Data Management Tools.tbx\CalculateField" Date="20120927" Time="092737">CalculateField sa2011VT DESIGNAT "CE" VB #</Process><Process ToolSource="C:\Program Files (x86)\ArcGIS\Desktop10.0\ArcToolbox\Toolboxes\Data Management Tools.tbx\CalculateField" Date="20120927" Time="092753">CalculateField sa2011VT GAP_ORIG 3 VB #</Process><Process ToolSource="C:\Program Files (x86)\ArcGIS\Desktop10.0\ArcToolbox\Toolboxes\Data Management Tools.tbx\CalculateField" Date="20120927" Time="092801">CalculateField sa2011VT GAP_TNC 3 VB #</Process><Process ToolSource="C:\Program Files (x86)\ArcGIS\Desktop10.0\ArcToolbox\Toolboxes\Data Management Tools.tbx\CalculateField" Date="20120927" Time="092808">CalculateField sa2011VT GAP_STATUS 3 VB #</Process><Process ToolSource="C:\Program Files (x86)\ArcGIS\Desktop10.0\ArcToolbox\Toolboxes\Data Management Tools.tbx\CalculateField" Date="20120927" Time="093010">CalculateField sa2011VT FEE_ORGTYP "PNP" VB #</Process><Process ToolSource="C:\Program Files (x86)\ArcGIS\Desktop10.0\ArcToolbox\Toolboxes\Data Management Tools.tbx\CalculateField" Date="20120927" Time="093049">CalculateField sa2011VT ST_DESIG "PCL" VB #</Process><Process ToolSource="C:\Program Files (x86)\ArcGIS\Desktop10.0\ArcToolbox\Toolboxes\Data Management Tools.tbx\CalculateField" Date="20120927" Time="093056">CalculateField sa2011VT DESIGNAT "PCL" VB #</Process><Process ToolSource="C:\Program Files (x86)\ArcGIS\Desktop10.0\ArcToolbox\Toolboxes\Data Management Tools.tbx\CalculateField" Date="20120927" Time="093108">CalculateField sa2011VT GAP_TNC 3 VB #</Process><Process ToolSource="C:\Program Files (x86)\ArcGIS\Desktop10.0\ArcToolbox\Toolboxes\Data Management Tools.tbx\CalculateField" Date="20120927" Time="093115">CalculateField sa2011VT GAP_ORIG 3 VB #</Process><Process ToolSource="C:\Program Files (x86)\ArcGIS\Desktop10.0\ArcToolbox\Toolboxes\Data Management Tools.tbx\CalculateField" Date="20120927" Time="093753">CalculateField sa2011VT STATE_PROV "VT" VB #</Process><Process ToolSource="C:\Program Files (x86)\ArcGIS\Desktop10.0\ArcToolbox\Toolboxes\Data Management Tools.tbx\CalculateField" Date="20120927" Time="093818">CalculateField sa2011VT GAP_STATUS 3 VB #</Process><Process ToolSource="C:\Program Files (x86)\ArcGIS\Desktop10.0\ArcToolbox\Toolboxes\Data Management Tools.tbx\CalculateField" Date="20121002" Time="130725">CalculateField sa2011VT GAP_TNC [GAP_STATUS] VB #</Process><Process ToolSource="C:\Program Files (x86)\ArcGIS\Desktop10.0\ArcToolbox\Toolboxes\Data Management Tools.tbx\CalculateField" Date="20121002" Time="130740">CalculateField sa2011VT GAP_ORIG [GAP_STATUS] VB #</Process><Process ToolSource="C:\Program Files (x86)\ArcGIS\Desktop10.0\ArcToolbox\Toolboxes\Data Management Tools.tbx\CalculateField" Date="20121002" Time="131805">CalculateField sa2011VT ST_DESIG "ML" VB #</Process><Process ToolSource="C:\Program Files (x86)\ArcGIS\Desktop10.0\ArcToolbox\Toolboxes\Data Management Tools.tbx\CalculateField" Date="20121002" Time="132438">CalculateField sa2011VT DESIGNAT "ML" VB #</Process><Process ToolSource="C:\Program Files (x86)\ArcGIS\Desktop10.0\ArcToolbox\Toolboxes\Data Management Tools.tbx\CalculateField" Date="20121002" Time="132507">CalculateField sa2011VT DESIGNAT [ST_DESIG] VB #</Process><Process ToolSource="C:\Program Files (x86)\ArcGIS\Desktop10.0\ArcToolbox\Toolboxes\Data Management Tools.tbx\CalculateField" Date="20121002" Time="132602">CalculateField sa2011VT STATE_PROV "VT" VB #</Process><Process ToolSource="C:\Program Files (x86)\ArcGIS\Desktop10.0\ArcToolbox\Toolboxes\Data Management Tools.tbx\CalculateField" Date="20121002" Time="133130">CalculateField sa2011VT INT_ORGTYP "PNP" VB #</Process><Process ToolSource="C:\Program Files (x86)\ArcGIS\Desktop10.0\ArcToolbox\Toolboxes\Data Management Tools.tbx\CalculateField" Date="20121002" Time="133157">CalculateField sa2011VT ST_DESIG "AGE" VB #</Process><Process ToolSource="C:\Program Files (x86)\ArcGIS\Desktop10.0\ArcToolbox\Toolboxes\Data Management Tools.tbx\CalculateField" Date="20121002" Time="133221">CalculateField sa2011VT DESIGNAT [ST_DESIG] VB #</Process><Process ToolSource="C:\Program Files (x86)\ArcGIS\Desktop10.0\ArcToolbox\Toolboxes\Data Management Tools.tbx\CalculateField" Date="20121002" Time="133257">CalculateField sa2011VT GAP_TNC [GAP_ORIG] VB #</Process><Process ToolSource="C:\Program Files (x86)\ArcGIS\Desktop10.0\ArcToolbox\Toolboxes\Data Management Tools.tbx\CalculateField" Date="20121002" Time="133312">CalculateField sa2011VT GAP_STATUS [GAP_ORIG] VB #</Process><Process ToolSource="C:\Program Files (x86)\ArcGIS\Desktop10.0\ArcToolbox\Toolboxes\Data Management Tools.tbx\CalculateField" Date="20121002" Time="133632">CalculateField sa2011VT FEE_ORGTYP "PNP" VB #</Process><Process ToolSource="C:\Program Files (x86)\ArcGIS\Desktop10.0\ArcToolbox\Toolboxes\Data Management Tools.tbx\CalculateField" Date="20121002" Time="133736">CalculateField sa2011VT ST_DESIG "PCL" VB #</Process><Process ToolSource="C:\Program Files (x86)\ArcGIS\Desktop10.0\ArcToolbox\Toolboxes\Data Management Tools.tbx\CalculateField" Date="20121002" Time="133808">CalculateField sa2011VT DESIGNAT [ST_DESIG] VB #</Process><Process ToolSource="C:\Program Files (x86)\ArcGIS\Desktop10.0\ArcToolbox\Toolboxes\Data Management Tools.tbx\CalculateField" Date="20121002" Time="133852">CalculateField sa2011VT GAP_TNC [GAP_ORIG] VB #</Process><Process ToolSource="C:\Program Files (x86)\ArcGIS\Desktop10.0\ArcToolbox\Toolboxes\Data Management Tools.tbx\CalculateField" Date="20121002" Time="133909">CalculateField sa2011VT GAP_STATUS [GAP_ORIG] VB #</Process><Process ToolSource="C:\Program Files (x86)\ArcGIS\Desktop10.0\ArcToolbox\Toolboxes\Data Management Tools.tbx\CalculateField" Date="20121002" Time="134429">CalculateField sa2011VT DESIGNAT [ST_DESIG] VB #</Process><Process ToolSource="C:\Program Files (x86)\ArcGIS\Desktop10.0\ArcToolbox\Toolboxes\Data Management Tools.tbx\CalculateField" Date="20121002" Time="134448">CalculateField sa2011VT GAP_TNC [GAP_STATUS] VB #</Process><Process ToolSource="C:\Program Files (x86)\ArcGIS\Desktop10.0\ArcToolbox\Toolboxes\Data Management Tools.tbx\CalculateField" Date="20121002" Time="134458">CalculateField sa2011VT GAP_ORIG [GAP_STATUS] VB #</Process><Process ToolSource="C:\Program Files (x86)\ArcGIS\Desktop10.0\ArcToolbox\Toolboxes\Data Management Tools.tbx\CalculateField" Date="20121002" Time="134603">CalculateField sa2011VT ST_DESIG "NF" VB #</Process><Process ToolSource="C:\Program Files (x86)\ArcGIS\Desktop10.0\ArcToolbox\Toolboxes\Data Management Tools.tbx\CalculateField" Date="20121002" Time="134614">CalculateField sa2011VT DESIGNAT "NF" VB #</Process><Process ToolSource="C:\Program Files (x86)\ArcGIS\Desktop10.0\ArcToolbox\Toolboxes\Data Management Tools.tbx\CalculateField" Date="20121002" Time="143152">CalculateField sa2011VT FEE_OWNER "Private Land Owner" VB #</Process><Process ToolSource="C:\Program Files (x86)\ArcGIS\Desktop10.0\ArcToolbox\Toolboxes\Data Management Tools.tbx\CalculateField" Date="20121002" Time="143418">CalculateField sa2011VT FEE_OWNER "Private Land Owner" VB #</Process><Process ToolSource="C:\Program Files (x86)\ArcGIS\Desktop10.0\ArcToolbox\Toolboxes\Data Management Tools.tbx\CalculateField" Date="20121002" Time="145138">CalculateField sa2011VT DESIGNAT [ST_DESIG] VB #</Process><Process ToolSource="C:\Program Files (x86)\ArcGIS\Desktop10.0\ArcToolbox\Toolboxes\Data Management Tools.tbx\CalculateField" Date="20121002" Time="145217">CalculateField sa2011VT FEE_OWNER "Private Land Owner" VB #</Process><Process ToolSource="C:\Program Files (x86)\ArcGIS\Desktop10.0\ArcToolbox\Toolboxes\Data Management Tools.tbx\CalculateField" Date="20121002" Time="145403">CalculateField sa2011VT GAP_TNC [GAP_STATUS] VB #</Process><Process ToolSource="C:\Program Files (x86)\ArcGIS\Desktop10.0\ArcToolbox\Toolboxes\Data Management Tools.tbx\CalculateField" Date="20121002" Time="145411">CalculateField sa2011VT GAP_ORIG [GAP_STATUS] VB #</Process><Process ToolSource="C:\Program Files (x86)\ArcGIS\Desktop10.0\ArcToolbox\Toolboxes\Data Management Tools.tbx\CalculateField" Date="20121002" Time="145905">CalculateField sa2011VT STATE_PROV "VT" VB #</Process><Process ToolSource="C:\Program Files (x86)\ArcGIS\Desktop10.0\ArcToolbox\Toolboxes\Data Management Tools.tbx\CalculateField" Date="20121002" Time="150509">CalculateField sa2011VT DESIGNAT [ST_DESIG] VB #</Process><Process ToolSource="C:\Program Files (x86)\ArcGIS\Desktop10.0\ArcToolbox\Toolboxes\Data Management Tools.tbx\CalculateField" Date="20121002" Time="150524">CalculateField sa2011VT GAP_TNC [GAP_STATUS] VB #</Process><Process ToolSource="C:\Program Files (x86)\ArcGIS\Desktop10.0\ArcToolbox\Toolboxes\Data Management Tools.tbx\CalculateField" Date="20121002" Time="150543">CalculateField sa2011VT GAP_ORIG [GAP_STATUS] VB #</Process><Process ToolSource="C:\Program Files (x86)\ArcGIS\Desktop10.0\ArcToolbox\Toolboxes\Data Management Tools.tbx\CalculateField" Date="20121002" Time="152524">CalculateField sa2011VT ST_DESIG [DESIGNAT] VB #</Process><Process ToolSource="C:\Program Files (x86)\ArcGIS\Desktop10.0\ArcToolbox\Toolboxes\Data Management Tools.tbx\CalculateField" Date="20121002" Time="152538">CalculateField sa2011VT GAP_ORIG [GAP_TNC] VB #</Process><Process ToolSource="C:\Program Files (x86)\ArcGIS\Desktop10.0\ArcToolbox\Toolboxes\Data Management Tools.tbx\CalculateField" Date="20121002" Time="152638">CalculateField sa2011VT REST_COMM "By UVLT request" VB #</Process><Process ToolSource="c:\program files (x86)\arcgis\desktop10.1\ArcToolbox\Toolboxes\Conversion Tools.tbx\FeatureClassToFeatureClass" Date="20130612" Time="111658">FeatureClassToFeatureClass Z:\GISData\Environmental\DataSources\sa2012VT\SA2012VT.gdb\SA2011VT\SA2011VT Z:\GISData\Environmental\DataSources\sa2012VT\SA2012VT.gdb SA2012VT # "SUBREGION "SUBREGION" true true false 25 Text 0 0 ,First,#,Z:\GISData\Environmental\DataSources\sa2012VT\SA2012VT.gdb\SA2011VT\SA2011VT,SUBREGION,-1,-1;STATE_PROV "STATE_PROV" true true false 2 Text 0 0 ,First,#,Z:\GISData\Environmental\DataSources\sa2012VT\SA2012VT.gdb\SA2011VT\SA2011VT,STATE_PROV,-1,-1;AREA_NAME "AREA_NAME" true true false 100 Text 0 0 ,First,#,Z:\GISData\Environmental\DataSources\sa2012VT\SA2012VT.gdb\SA2011VT\SA2011VT,AREA_NAME,-1,-1;FEE_OWNER "FEE_OWNER" true true false 50 Text 0 0 ,First,#,Z:\GISData\Environmental\DataSources\sa2012VT\SA2012VT.gdb\SA2011VT\SA2011VT,FEE_OWNER,-1,-1;FEE_ORGTYP "FEE_ORGTYP" true true false 3 Text 0 0 ,First,#,Z:\GISData\Environmental\DataSources\sa2012VT\SA2012VT.gdb\SA2011VT\SA2011VT,FEE_ORGTYP,-1,-1;INT_HOLDER "INT_HOLDER" true true false 50 Text 0 0 ,First,#,Z:\GISData\Environmental\DataSources\sa2012VT\SA2012VT.gdb\SA2011VT\SA2011VT,INT_HOLDER,-1,-1;INT_ORGTYP "INT_ORGTYP" true true false 3 Text 0 0 ,First,#,Z:\GISData\Environmental\DataSources\sa2012VT\SA2012VT.gdb\SA2011VT\SA2011VT,INT_ORGTYP,-1,-1;INT_TYPE "INT_TYPE" true true false 3 Text 0 0 ,First,#,Z:\GISData\Environmental\DataSources\sa2012VT\SA2012VT.gdb\SA2011VT\SA2011VT,INT_TYPE,-1,-1;TNC_INTRST "TNC_INTRST" true true false 3 Text 0 0 ,First,#,Z:\GISData\Environmental\DataSources\sa2012VT\SA2012VT.gdb\SA2011VT\SA2011VT,TNC_INTRST,-1,-1;ST_DESIG "ST_DESIG" true true false 10 Text 0 0 ,First,#,Z:\GISData\Environmental\DataSources\sa2012VT\SA2012VT.gdb\SA2011VT\SA2011VT,ST_DESIG,-1,-1;DESIGNAT "DESIGNAT" true true false 3 Text 0 0 ,First,#,Z:\GISData\Environmental\DataSources\sa2012VT\SA2012VT.gdb\SA2011VT\SA2011VT,DESIGNAT,-1,-1;IUCN_CAT "IUCN_CAT" true true false 3 Text 0 0 ,First,#,Z:\GISData\Environmental\DataSources\sa2012VT\SA2012VT.gdb\SA2011VT\SA2011VT,IUCN_CAT,-1,-1;GAP_ORIG "GAP_ORIG" true true false 2 Short 0 0 ,First,#,Z:\GISData\Environmental\DataSources\sa2012VT\SA2012VT.gdb\SA2011VT\SA2011VT,GAP_ORIG,-1,-1;GAP_TNC "GAP_TNC" true true false 2 Short 0 0 ,First,#,Z:\GISData\Environmental\DataSources\sa2012VT\SA2012VT.gdb\SA2011VT\SA2011VT,GAP_TNC,-1,-1;GAP_STATUS "GAP_STATUS" true true false 2 Short 0 0 ,First,#,Z:\GISData\Environmental\DataSources\sa2012VT\SA2012VT.gdb\SA2011VT\SA2011VT,GAP_STATUS,-1,-1;CONS_INTNT "CONS_INTNT" true true false 10 Text 0 0 ,First,#,Z:\GISData\Environmental\DataSources\sa2012VT\SA2012VT.gdb\SA2011VT\SA2011VT,CONS_INTNT,-1,-1;CONS_TENUR "CONS_TENUR" true true false 10 Text 0 0 ,First,#,Z:\GISData\Environmental\DataSources\sa2012VT\SA2012VT.gdb\SA2011VT\SA2011VT,CONS_TENUR,-1,-1;EF_MGMT_POT "EF_MGMT_POT" true true false 50 Text 0 0 ,First,#,Z:\GISData\Environmental\DataSources\sa2012VT\SA2012VT.gdb\SA2011VT\SA2011VT,EF_MGMT_POT,-1,-1;CON_MGMT_ST "CON_MGMT_ST" true true false 50 Text 0 0 ,First,#,Z:\GISData\Environmental\DataSources\sa2012VT\SA2012VT.gdb\SA2011VT\SA2011VT,CON_MGMT_ST,-1,-1;DATE_CONSV "DATE_CONSV" true true false 4 Long 0 0 ,First,#,Z:\GISData\Environmental\DataSources\sa2012VT\SA2012VT.gdb\SA2011VT\SA2011VT,DATE_CONSV,-1,-1;DATE_PREC "DATE_PREC" true true false 5 Text 0 0 ,First,#,Z:\GISData\Environmental\DataSources\sa2012VT\SA2012VT.gdb\SA2011VT\SA2011VT,DATE_PREC,-1,-1;LEGAL_ACRES "LEGAL_ACRES" true true false 8 Double 0 0 ,First,#,Z:\GISData\Environmental\DataSources\sa2012VT\SA2012VT.gdb\SA2011VT\SA2011VT,LEGAL_ACRES,-1,-1;GIS_ACRES "GIS_ACRES" true true false 8 Double 0 0 ,First,#,Z:\GISData\Environmental\DataSources\sa2012VT\SA2012VT.gdb\SA2011VT\SA2011VT,GIS_ACRES,-1,-1;CLS_MABRID "CLS_MABRID" true true false 8 Double 0 0 ,First,#,Z:\GISData\Environmental\DataSources\sa2012VT\SA2012VT.gdb\SA2011VT\SA2011VT,CLS_MABRID,-1,-1;CLS_TRACTID "CLS_TRACTID" true true false 8 Double 0 0 ,First,#,Z:\GISData\Environmental\DataSources\sa2012VT\SA2012VT.gdb\SA2011VT\SA2011VT,CLS_TRACTID,-1,-1;CLS_TRACTNM "CLS_TRACTNM" true true false 100 Text 0 0 ,First,#,Z:\GISData\Environmental\DataSources\sa2012VT\SA2012VT.gdb\SA2011VT\SA2011VT,CLS_TRACTNM,-1,-1;REST_DATA "REST_DATA" true true false 1 Text 0 0 ,First,#,Z:\GISData\Environmental\DataSources\sa2012VT\SA2012VT.gdb\SA2011VT\SA2011VT,REST_DATA,-1,-1;MAX_MAP_SC "MAX_MAP_SC" true true false 4 Long 0 0 ,First,#,Z:\GISData\Environmental\DataSources\sa2012VT\SA2012VT.gdb\SA2011VT\SA2011VT,MAX_MAP_SC,-1,-1;REST_COMM "REST_COMM" true true false 50 Text 0 0 ,First,#,Z:\GISData\Environmental\DataSources\sa2012VT\SA2012VT.gdb\SA2011VT\SA2011VT,REST_COMM,-1,-1;SOURCE "SOURCE" true true false 100 Text 0 0 ,First,#,Z:\GISData\Environmental\DataSources\sa2012VT\SA2012VT.gdb\SA2011VT\SA2011VT,SOURCE,-1,-1;CHG_GAP "CHG_GAP" true true false 4 Text 0 0 ,First,#,Z:\GISData\Environmental\DataSources\sa2012VT\SA2012VT.gdb\SA2011VT\SA2011VT,CHG_GAP,-1,-1;CHG_ATTRIB "CHG_ATTRIB" true true false 4 Text 0 0 ,First,#,Z:\GISData\Environmental\DataSources\sa2012VT\SA2012VT.gdb\SA2011VT\SA2011VT,CHG_ATTRIB,-1,-1;CHG_GEOG "CHG_GEOG" true true false 4 Text 0 0 ,First,#,Z:\GISData\Environmental\DataSources\sa2012VT\SA2012VT.gdb\SA2011VT\SA2011VT,CHG_GEOG,-1,-1;COMMENTS "COMMENTS" true true false 255 Text 0 0 ,First,#,Z:\GISData\Environmental\DataSources\sa2012VT\SA2012VT.gdb\SA2011VT\SA2011VT,COMMENTS,-1,-1;WOMABR "WOMABR" true true false 8 Double 0 0 ,First,#,Z:\GISData\Environmental\DataSources\sa2012VT\SA2012VT.gdb\SA2011VT\SA2011VT,WOMABR,-1,-1;WOTRACTID "WOTRACTID" true true false 8 Double 0 0 ,First,#,Z:\GISData\Environmental\DataSources\sa2012VT\SA2012VT.gdb\SA2011VT\SA2011VT,WOTRACTID,-1,-1;WOTRACTNM "WOTRACTNM" true true false 50 Text 0 0 ,First,#,Z:\GISData\Environmental\DataSources\sa2012VT\SA2012VT.gdb\SA2011VT\SA2011VT,WOTRACTNM,-1,-1;WO_comments "WO_comments" true true false 50 Text 0 0 ,First,#,Z:\GISData\Environmental\DataSources\sa2012VT\SA2012VT.gdb\SA2011VT\SA2011VT,WO_comments,-1,-1;IDState "IDState" true true false 20 Text 0 0 ,First,#,Z:\GISData\Environmental\DataSources\sa2012VT\SA2012VT.gdb\SA2011VT\SA2011VT,IDState,-1,-1;D_AreaName "D_AreaName" true true false 50 Text 0 0 ,First,#,Z:\GISData\Environmental\DataSources\sa2012VT\SA2012VT.gdb\SA2011VT\SA2011VT,D_AreaName,-1,-1;D_Fee_Owner "D_Fee_Owner" true true false 50 Text 0 0 ,First,#,Z:\GISData\Environmental\DataSources\sa2012VT\SA2012VT.gdb\SA2011VT\SA2011VT,D_Fee_Owner,-1,-1;D_Int_Holder "D_Int_Holder" true true false 50 Text 0 0 ,First,#,Z:\GISData\Environmental\DataSources\sa2012VT\SA2012VT.gdb\SA2011VT\SA2011VT,D_Int_Holder,-1,-1;Perimeter "Perimeter" true true false 8 Double 0 0 ,First,#,Z:\GISData\Environmental\DataSources\sa2012VT\SA2012VT.gdb\SA2011VT\SA2011VT,Perimeter,-1,-1;Area "Area" true true false 8 Double 0 0 ,First,#,Z:\GISData\Environmental\DataSources\sa2012VT\SA2012VT.gdb\SA2011VT\SA2011VT,Area,-1,-1;Acres "Acres" true true false 8 Double 0 0 ,First,#,Z:\GISData\Environmental\DataSources\sa2012VT\SA2012VT.gdb\SA2011VT\SA2011VT,Acres,-1,-1;Hectares "Hectares" true true false 8 Double 0 0 ,First,#,Z:\GISData\Environmental\DataSources\sa2012VT\SA2012VT.gdb\SA2011VT\SA2011VT,Hectares,-1,-1;Shape_Length "Shape_Length" false true true 8 Double 0 0 ,First,#,Z:\GISData\Environmental\DataSources\sa2012VT\SA2012VT.gdb\SA2011VT\SA2011VT,Shape_Length,-1,-1;Shape_Area "Shape_Area" false true true 8 Double 0 0 ,First,#,Z:\GISData\Environmental\DataSources\sa2012VT\SA2012VT.gdb\SA2011VT\SA2011VT,Shape_Area,-1,-1" #</Process><Process ToolSource="c:\program files (x86)\arcgis\desktop10.1\ArcToolbox\Toolboxes\Data Management Tools.tbx\CalculateField" Date="20130612" Time="125534">CalculateField SA2012VT TNC_INTRST "F" VB #</Process><Process ToolSource="c:\program files (x86)\arcgis\desktop10.1\ArcToolbox\Toolboxes\Data Management Tools.tbx\CalculateField" Date="20130612" Time="125739">CalculateField SA2012VT TNC_INTRST "F" VB #</Process><Process ToolSource="c:\program files (x86)\arcgis\desktop10.1\ArcToolbox\Toolboxes\Data Management Tools.tbx\CalculateField" Date="20130612" Time="151544">CalculateField SA2012VT REST_DATA "Y" VB #</Process><Process ToolSource="c:\program files (x86)\arcgis\desktop10.1\ArcToolbox\Toolboxes\Data Management Tools.tbx\CalculateField" Date="20130612" Time="151555">CalculateField SA2012VT REST_COMM "By UVLT request" VB #</Process><Process ToolSource="c:\program files (x86)\arcgis\desktop10.1\ArcToolbox\Toolboxes\Data Management Tools.tbx\CalculateField" Date="20130612" Time="153438">CalculateField SA2012VT FEE_OWNER "Private Land Owner" VB #</Process><Process ToolSource="c:\program files (x86)\arcgis\desktop10.1\ArcToolbox\Toolboxes\Data Management Tools.tbx\CalculateField" Date="20130612" Time="153455">CalculateField SA2012VT FEE_ORGTYP "PLO" VB #</Process><Process ToolSource="c:\program files (x86)\arcgis\desktop10.1\ArcToolbox\Toolboxes\Data Management Tools.tbx\CalculateField" Date="20130612" Time="160347">CalculateField SA2012VT GAP_ORIG 4 VB #</Process><Process ToolSource="c:\program files (x86)\arcgis\desktop10.1\ArcToolbox\Toolboxes\Data Management Tools.tbx\CalculateField" Date="20130612" Time="160354">CalculateField SA2012VT GAP_TNC 4 VB #</Process><Process ToolSource="c:\program files (x86)\arcgis\desktop10.1\ArcToolbox\Toolboxes\Data Management Tools.tbx\CalculateField" Date="20130612" Time="160400">CalculateField SA2012VT GAP_STATUS 4 VB #</Process><Process ToolSource="c:\program files (x86)\arcgis\desktop10.1\ArcToolbox\Toolboxes\Data Management Tools.tbx\CalculateField" Date="20130612" Time="161736">CalculateField SA2012VT REST_DATA "N" VB #</Process><Process ToolSource="c:\program files (x86)\arcgis\desktop10.1\ArcToolbox\Toolboxes\Data Management Tools.tbx\CalculateField" Date="20130612" Time="162953">CalculateField SA2012VT SOURCE "VT Agency of Natural Resources" VB #</Process><Process ToolSource="c:\program files (x86)\arcgis\desktop10.1\ArcToolbox\Toolboxes\Data Management Tools.tbx\CalculateField" Date="20130612" Time="163410">CalculateField SA2012VT COMMENTS "Green Mountain &amp; Finger Lakes National Forests" VB #</Process><Process ToolSource="c:\program files (x86)\arcgis\desktop10.1\ArcToolbox\Toolboxes\Data Management Tools.tbx\CalculateField" Date="20130612" Time="163421">CalculateField SA2012VT SOURCE "Green Mountain &amp; Finger Lakes National Forests" VB #</Process><Process ToolSource="c:\program files (x86)\arcgis\desktop10.1\ArcToolbox\Toolboxes\Data Management Tools.tbx\CalculateField" Date="20130612" Time="163718">CalculateField SA2012VT SOURCE "New England Forestry Foundation" VB #</Process><Process ToolSource="c:\program files (x86)\arcgis\desktop10.1\ArcToolbox\Toolboxes\Data Management Tools.tbx\CalculateField" Date="20130612" Time="163831">CalculateField SA2012VT SOURCE "Vermont Land Trust" VB #</Process><Process ToolSource="c:\program files (x86)\arcgis\desktop10.1\ArcToolbox\Toolboxes\Data Management Tools.tbx\CalculateField" Date="20130612" Time="164025">CalculateField SA2012VT SOURCE "University of Vermont, Spatial Analysis Lab" VB #</Process><Process ToolSource="c:\program files (x86)\arcgis\desktop10.1\ArcToolbox\Toolboxes\Data Management Tools.tbx\CalculateField" Date="20130612" Time="164448">CalculateField SA2012VT SOURCE "Green Mountain &amp; Finger Lakes National Forests" VB #</Process><Process ToolSource="c:\program files (x86)\arcgis\desktop10.1\ArcToolbox\Toolboxes\Data Management Tools.tbx\CalculateField" Date="20130612" Time="164614">CalculateField SA2012VT SOURCE "VT Agency of Natural Resources" VB #</Process><Process ToolSource="c:\program files (x86)\arcgis\desktop10.1\ArcToolbox\Toolboxes\Data Management Tools.tbx\CalculateField" Date="20130612" Time="165152">CalculateField SA2012VT SOURCE "" VB #</Process><Process ToolSource="c:\program files (x86)\arcgis\desktop10.1\ArcToolbox\Toolboxes\Data Management Tools.tbx\CalculateField" Date="20130612" Time="165516">CalculateField SA2012VT SOURCE "Vermont Land Trust" VB #</Process><Process ToolSource="c:\program files (x86)\arcgis\desktop10.1\ArcToolbox\Toolboxes\Data Management Tools.tbx\CalculateField" Date="20130612" Time="165550">CalculateField SA2012VT SOURCE "" VB #</Process></lineage><itemProps><itemLocation><linkage Sync="TRUE">file://\\vtfo.tnc\GIS\GISData\Environmental\DataSources\sa2012VT\SA2012VT_Final_DF061713.gdb</linkage><protocol Sync="TRUE">Local Area Network</protocol></itemLocation><itemName Sync="TRUE">SA2012VT</itemName><imsContentType Sync="TRUE">002</imsContentType></itemProps><coordRef><type Sync="TRUE">Projected</type><geogcsn Sync="TRUE">GCS_North_American_1983</geogcsn><csUnits Sync="TRUE">Linear Unit: Meter (1.000000)</csUnits><projcsn Sync="TRUE">NAD_1983_StatePlane_Vermont_FIPS_4400</projcsn><peXml Sync="TRUE">&lt;ProjectedCoordinateSystem xsi:type='typens:ProjectedCoordinateSystem' xmlns:xsi='http://www.w3.org/2001/XMLSchema-instance' xmlns:xs='http://www.w3.org/2001/XMLSchema' xmlns:typens='http://www.esri.com/schemas/ArcGIS/10.1'&gt;&lt;WKT&gt;PROJCS[&amp;quot;NAD_1983_StatePlane_Vermont_FIPS_4400&amp;quot;,GEOGCS[&amp;quot;GCS_North_American_1983&amp;quot;,DATUM[&amp;quot;D_North_American_1983&amp;quot;,SPHEROID[&amp;quot;GRS_1980&amp;quot;,6378137.0,298.257222101]],PRIMEM[&amp;quot;Greenwich&amp;quot;,0.0],UNIT[&amp;quot;Degree&amp;quot;,0.0174532925199433]],PROJECTION[&amp;quot;Transverse_Mercator&amp;quot;],PARAMETER[&amp;quot;False_Easting&amp;quot;,500000.0],PARAMETER[&amp;quot;False_Northing&amp;quot;,0.0],PARAMETER[&amp;quot;Central_Meridian&amp;quot;,-72.5],PARAMETER[&amp;quot;Scale_Factor&amp;quot;,0.9999642857142858],PARAMETER[&amp;quot;Latitude_Of_Origin&amp;quot;,42.5],UNIT[&amp;quot;Meter&amp;quot;,1.0],AUTHORITY[&amp;quot;EPSG&amp;quot;,32145]]&lt;/WKT&gt;&lt;XOrigin&gt;-5123000&lt;/XOrigin&gt;&lt;YOrigin&gt;-14708800&lt;/YOrigin&gt;&lt;XYScale&gt;10000&lt;/XYScale&gt;&lt;ZOrigin&gt;-100000&lt;/ZOrigin&gt;&lt;ZScale&gt;10000&lt;/ZScale&gt;&lt;MOrigin&gt;-100000&lt;/MOrigin&gt;&lt;MScale&gt;10000&lt;/MScale&gt;&lt;XYTolerance&gt;0.001&lt;/XYTolerance&gt;&lt;ZTolerance&gt;0.001&lt;/ZTolerance&gt;&lt;MTolerance&gt;0.001&lt;/MTolerance&gt;&lt;HighPrecision&gt;true&lt;/HighPrecision&gt;&lt;WKID&gt;32145&lt;/WKID&gt;&lt;LatestWKID&gt;32145&lt;/LatestWKID&gt;&lt;/ProjectedCoordinateSystem&gt;</peXml></coordRef></DataProperties><SyncDate>20130612</SyncDate><SyncTime>11164400</SyncTime><ModDate>20130612</ModDate><ModTime>11164400</ModTime></Esri><dataIdInfo><envirDesc Sync="TRUE">Microsoft Windows 7 Version 6.1 (Build 7601) Service Pack 1; Esri ArcGIS 10.1.1.3143</envirDesc><dataLang><languageCode value="eng" Sync="TRUE"></languageCode><countryCode value="USA" Sync="TRUE"></countryCode></dataLang><idCitation><resTitle Sync="TRUE">SA2012VT</resTitle><presForm><PresFormCd value="005" Sync="TRUE"></PresFormCd></presForm></idCitation><spatRpType><SpatRepTypCd value="001" Sync="TRUE"></SpatRepTypCd></spatRpType></dataIdInfo><mdLang><languageCode value="eng" Sync="TRUE"></languageCode><countryCode value="USA" Sync="TRUE"></countryCode></mdLang><distInfo><distFormat><formatName Sync="TRUE">File Geodatabase Feature Class</formatName></distFormat></distInfo><mdHrLv><ScopeCd value="005" Sync="TRUE"></ScopeCd></mdHrLv><mdHrLvName Sync="TRUE">dataset</mdHrLvName><refSysInfo><RefSystem><refSysID><identCode code="32145" Sync="TRUE"></identCode><idCodeSpace Sync="TRUE">EPSG</idCodeSpace><idVersion Sync="TRUE">7.11.2</idVersion></refSysID></RefSystem></refSysInfo><spatRepInfo><VectSpatRep><geometObjs Name="SA2012VT"><geoObjTyp><GeoObjTypCd value="002" Sync="TRUE"></GeoObjTypCd></geoObjTyp><geoObjCnt Sync="TRUE">0</geoObjCnt></geometObjs><topLvl><TopoLevCd value="001" Sync="TRUE"></TopoLevCd></topLvl></VectSpatRep></spatRepInfo><spdoinfo><ptvctinf><esriterm Name="SA2012VT"><efeatyp Sync="TRUE">Simple</efeatyp><efeageom code="4" Sync="TRUE"></efeageom><esritopo Sync="TRUE">FALSE</esritopo><efeacnt Sync="TRUE">0</efeacnt><spindex Sync="TRUE">TRUE</spindex><linrefer Sync="TRUE">FALSE</linrefer></esriterm></ptvctinf></spdoinfo><eainfo><detailed Name="SA2012VT"><enttyp><enttypl Sync="TRUE">SA2012VT</enttypl><enttypt Sync="TRUE">Feature Class</enttypt><enttypc Sync="TRUE">0</enttypc></enttyp><attr><attrlabl Sync="TRUE">OBJECTID</attrlabl><attalias Sync="TRUE">OBJECTID</attalias><attrtype Sync="TRUE">OID</attrtype><attwidth Sync="TRUE">4</attwidth><atprecis Sync="TRUE">0</atprecis><attscale Sync="TRUE">0</attscale><attrdef Sync="TRUE">Internal feature number.</attrdef><attrdefs Sync="TRUE">Esri</attrdefs><attrdomv><udom Sync="TRUE">Sequential unique whole numbers that are automatically generated.</udom></attrdomv></attr><attr><attrlabl Sync="TRUE">Shape</attrlabl><attalias Sync="TRUE">Shape</attalias><attrtype Sync="TRUE">Geometry</attrtype><attwidth Sync="TRUE">0</attwidth><atprecis Sync="TRUE">0</atprecis><attscale Sync="TRUE">0</attscale><attrdef Sync="TRUE">Feature geometry.</attrdef><attrdefs Sync="TRUE">Esri</attrdefs><attrdomv><udom Sync="TRUE">Coordinates defining the features.</udom></attrdomv></attr><attr><attrlabl Sync="TRUE">SUBREGION</attrlabl><attalias Sync="TRUE">SUBREGION</attalias><attrtype Sync="TRUE">String</attrtype><attwidth Sync="TRUE">25</attwidth><atprecis Sync="TRUE">0</atprecis><attscale Sync="TRUE">0</attscale></attr><attr><attrlabl Sync="TRUE">STATE_PROV</attrlabl><attalias Sync="TRUE">STATE_PROV</attalias><attrtype Sync="TRUE">String</attrtype><attwidth Sync="TRUE">2</attwidth><atprecis Sync="TRUE">0</atprecis><attscale Sync="TRUE">0</attscale></attr><attr><attrlabl Sync="TRUE">AREA_NAME</attrlabl><attalias Sync="TRUE">AREA_NAME</attalias><attrtype Sync="TRUE">String</attrtype><attwidth Sync="TRUE">100</attwidth><atprecis Sync="TRUE">0</atprecis><attscale Sync="TRUE">0</attscale></attr><attr><attrlabl Sync="TRUE">FEE_OWNER</attrlabl><attalias Sync="TRUE">FEE_OWNER</attalias><attrtype Sync="TRUE">String</attrtype><attwidth Sync="TRUE">50</attwidth><atprecis Sync="TRUE">0</atprecis><attscale Sync="TRUE">0</attscale></attr><attr><attrlabl Sync="TRUE">FEE_ORGTYP</attrlabl><attalias Sync="TRUE">FEE_ORGTYP</attalias><attrtype Sync="TRUE">String</attrtype><attwidth Sync="TRUE">3</attwidth><atprecis Sync="TRUE">0</atprecis><attscale Sync="TRUE">0</attscale></attr><attr><attrlabl Sync="TRUE">INT_HOLDER</attrlabl><attalias Sync="TRUE">INT_HOLDER</attalias><attrtype Sync="TRUE">String</attrtype><attwidth Sync="TRUE">50</attwidth><atprecis Sync="TRUE">0</atprecis><attscale Sync="TRUE">0</attscale></attr><attr><attrlabl Sync="TRUE">INT_ORGTYP</attrlabl><attalias Sync="TRUE">INT_ORGTYP</attalias><attrtype Sync="TRUE">String</attrtype><attwidth Sync="TRUE">3</attwidth><atprecis Sync="TRUE">0</atprecis><attscale Sync="TRUE">0</attscale></attr><attr><attrlabl Sync="TRUE">INT_TYPE</attrlabl><attalias Sync="TRUE">INT_TYPE</attalias><attrtype Sync="TRUE">String</attrtype><attwidth Sync="TRUE">3</attwidth><atprecis Sync="TRUE">0</atprecis><attscale Sync="TRUE">0</attscale></attr><attr><attrlabl Sync="TRUE">TNC_INTRST</attrlabl><attalias Sync="TRUE">TNC_INTRST</attalias><attrtype Sync="TRUE">String</attrtype><attwidth Sync="TRUE">3</attwidth><atprecis Sync="TRUE">0</atprecis><attscale Sync="TRUE">0</attscale></attr><attr><attrlabl Sync="TRUE">ST_DESIG</attrlabl><attalias Sync="TRUE">ST_DESIG</attalias><attrtype Sync="TRUE">String</attrtype><attwidth Sync="TRUE">10</attwidth><atprecis Sync="TRUE">0</atprecis><attscale Sync="TRUE">0</attscale></attr><attr><attrlabl Sync="TRUE">DESIGNAT</attrlabl><attalias Sync="TRUE">DESIGNAT</attalias><attrtype Sync="TRUE">String</attrtype><attwidth Sync="TRUE">3</attwidth><atprecis Sync="TRUE">0</atprecis><attscale Sync="TRUE">0</attscale></attr><attr><attrlabl Sync="TRUE">IUCN_CAT</attrlabl><attalias Sync="TRUE">IUCN_CAT</attalias><attrtype Sync="TRUE">String</attrtype><attwidth Sync="TRUE">3</attwidth><atprecis Sync="TRUE">0</atprecis><attscale Sync="TRUE">0</attscale></attr><attr><attrlabl Sync="TRUE">GAP_ORIG</attrlabl><attalias Sync="TRUE">GAP_ORIG</attalias><attrtype Sync="TRUE">SmallInteger</attrtype><attwidth Sync="TRUE">2</attwidth><atprecis Sync="TRUE">0</atprecis><attscale Sync="TRUE">0</attscale></attr><attr><attrlabl Sync="TRUE">GAP_TNC</attrlabl><attalias Sync="TRUE">GAP_TNC</attalias><attrtype Sync="TRUE">SmallInteger</attrtype><attwidth Sync="TRUE">2</attwidth><atprecis Sync="TRUE">0</atprecis><attscale Sync="TRUE">0</attscale></attr><attr><attrlabl Sync="TRUE">GAP_STATUS</attrlabl><attalias Sync="TRUE">GAP_STATUS</attalias><attrtype Sync="TRUE">SmallInteger</attrtype><attwidth Sync="TRUE">2</attwidth><atprecis Sync="TRUE">0</atprecis><attscale Sync="TRUE">0</attscale></attr><attr><attrlabl Sync="TRUE">CONS_INTNT</attrlabl><attalias Sync="TRUE">CONS_INTNT</attalias><attrtype Sync="TRUE">String</attrtype><attwidth Sync="TRUE">10</attwidth><atprecis Sync="TRUE">0</atprecis><attscale Sync="TRUE">0</attscale></attr><attr><attrlabl Sync="TRUE">CONS_TENUR</attrlabl><attalias Sync="TRUE">CONS_TENUR</attalias><attrtype Sync="TRUE">String</attrtype><attwidth Sync="TRUE">10</attwidth><atprecis Sync="TRUE">0</atprecis><attscale Sync="TRUE">0</attscale></attr><attr><attrlabl Sync="TRUE">EF_MGMT_POT</attrlabl><attalias Sync="TRUE">EF_MGMT_POT</attalias><attrtype Sync="TRUE">String</attrtype><attwidth Sync="TRUE">50</attwidth><atprecis Sync="TRUE">0</atprecis><attscale Sync="TRUE">0</attscale></attr><attr><attrlabl Sync="TRUE">CON_MGMT_ST</attrlabl><attalias Sync="TRUE">CON_MGMT_ST</attalias><attrtype Sync="TRUE">String</attrtype><attwidth Sync="TRUE">50</attwidth><atprecis Sync="TRUE">0</atprecis><attscale Sync="TRUE">0</attscale></attr><attr><attrlabl Sync="TRUE">DATE_CONSV</attrlabl><attalias Sync="TRUE">DATE_CONSV</attalias><attrtype Sync="TRUE">Integer</attrtype><attwidth Sync="TRUE">4</attwidth><atprecis Sync="TRUE">0</atprecis><attscale Sync="TRUE">0</attscale></attr><attr><attrlabl Sync="TRUE">DATE_PREC</attrlabl><attalias Sync="TRUE">DATE_PREC</attalias><attrtype Sync="TRUE">String</attrtype><attwidth Sync="TRUE">5</attwidth><atprecis Sync="TRUE">0</atprecis><attscale Sync="TRUE">0</attscale></attr><attr><attrlabl Sync="TRUE">LEGAL_ACRES</attrlabl><attalias Sync="TRUE">LEGAL_ACRES</attalias><attrtype Sync="TRUE">Double</attrtype><attwidth Sync="TRUE">8</attwidth><atprecis Sync="TRUE">0</atprecis><attscale Sync="TRUE">0</attscale></attr><attr><attrlabl Sync="TRUE">GIS_ACRES</attrlabl><attalias Sync="TRUE">GIS_ACRES</attalias><attrtype Sync="TRUE">Double</attrtype><attwidth Sync="TRUE">8</attwidth><atprecis Sync="TRUE">0</atprecis><attscale Sync="TRUE">0</attscale></attr><attr><attrlabl Sync="TRUE">CLS_MABRID</attrlabl><attalias Sync="TRUE">CLS_MABRID</attalias><attrtype Sync="TRUE">Double</attrtype><attwidth Sync="TRUE">8</attwidth><atprecis Sync="TRUE">0</atprecis><attscale Sync="TRUE">0</attscale></attr><attr><attrlabl Sync="TRUE">CLS_TRACTID</attrlabl><attalias Sync="TRUE">CLS_TRACTID</attalias><attrtype Sync="TRUE">Double</attrtype><attwidth Sync="TRUE">8</attwidth><atprecis Sync="TRUE">0</atprecis><attscale Sync="TRUE">0</attscale></attr><attr><attrlabl Sync="TRUE">CLS_TRACTNM</attrlabl><attalias Sync="TRUE">CLS_TRACTNM</attalias><attrtype Sync="TRUE">String</attrtype><attwidth Sync="TRUE">100</attwidth><atprecis Sync="TRUE">0</atprecis><attscale Sync="TRUE">0</attscale></attr><attr><attrlabl Sync="TRUE">REST_DATA</attrlabl><attalias Sync="TRUE">REST_DATA</attalias><attrtype Sync="TRUE">String</attrtype><attwidth Sync="TRUE">1</attwidth><atprecis Sync="TRUE">0</atprecis><attscale Sync="TRUE">0</attscale></attr><attr><attrlabl Sync="TRUE">MAX_MAP_SC</attrlabl><attalias Sync="TRUE">MAX_MAP_SC</attalias><attrtype Sync="TRUE">Integer</attrtype><attwidth Sync="TRUE">4</attwidth><atprecis Sync="TRUE">0</atprecis><attscale Sync="TRUE">0</attscale></attr><attr><attrlabl Sync="TRUE">REST_COMM</attrlabl><attalias Sync="TRUE">REST_COMM</attalias><attrtype Sync="TRUE">String</attrtype><attwidth Sync="TRUE">50</attwidth><atprecis Sync="TRUE">0</atprecis><attscale Sync="TRUE">0</attscale></attr><attr><attrlabl Sync="TRUE">SOURCE</attrlabl><attalias Sync="TRUE">SOURCE</attalias><attrtype Sync="TRUE">String</attrtype><attwidth Sync="TRUE">100</attwidth><atprecis Sync="TRUE">0</atprecis><attscale Sync="TRUE">0</attscale></attr><attr><attrlabl Sync="TRUE">CHG_GAP</attrlabl><attalias Sync="TRUE">CHG_GAP</attalias><attrtype Sync="TRUE">String</attrtype><attwidth Sync="TRUE">4</attwidth><atprecis Sync="TRUE">0</atprecis><attscale Sync="TRUE">0</attscale></attr><attr><attrlabl Sync="TRUE">CHG_ATTRIB</attrlabl><attalias Sync="TRUE">CHG_ATTRIB</attalias><attrtype Sync="TRUE">String</attrtype><attwidth Sync="TRUE">4</attwidth><atprecis Sync="TRUE">0</atprecis><attscale Sync="TRUE">0</attscale></attr><attr><attrlabl Sync="TRUE">CHG_GEOG</attrlabl><attalias Sync="TRUE">CHG_GEOG</attalias><attrtype Sync="TRUE">String</attrtype><attwidth Sync="TRUE">4</attwidth><atprecis Sync="TRUE">0</atprecis><attscale Sync="TRUE">0</attscale></attr><attr><attrlabl Sync="TRUE">COMMENTS</attrlabl><attalias Sync="TRUE">COMMENTS</attalias><attrtype Sync="TRUE">String</attrtype><attwidth Sync="TRUE">255</attwidth><atprecis Sync="TRUE">0</atprecis><attscale Sync="TRUE">0</attscale></attr><attr><attrlabl Sync="TRUE">WOMABR</attrlabl><attalias Sync="TRUE">WOMABR</attalias><attrtype Sync="TRUE">Double</attrtype><attwidth Sync="TRUE">8</attwidth><atprecis Sync="TRUE">0</atprecis><attscale Sync="TRUE">0</attscale></attr><attr><attrlabl Sync="TRUE">WOTRACTID</attrlabl><attalias Sync="TRUE">WOTRACTID</attalias><attrtype Sync="TRUE">Double</attrtype><attwidth Sync="TRUE">8</attwidth><atprecis Sync="TRUE">0</atprecis><attscale Sync="TRUE">0</attscale></attr><attr><attrlabl Sync="TRUE">WOTRACTNM</attrlabl><attalias Sync="TRUE">WOTRACTNM</attalias><attrtype Sync="TRUE">String</attrtype><attwidth Sync="TRUE">50</attwidth><atprecis Sync="TRUE">0</atprecis><attscale Sync="TRUE">0</attscale></attr><attr><attrlabl Sync="TRUE">WO_comments</attrlabl><attalias Sync="TRUE">WO_comments</attalias><attrtype Sync="TRUE">String</attrtype><attwidth Sync="TRUE">50</attwidth><atprecis Sync="TRUE">0</atprecis><attscale Sync="TRUE">0</attscale></attr><attr><attrlabl Sync="TRUE">IDState</attrlabl><attalias Sync="TRUE">IDState</attalias><attrtype Sync="TRUE">String</attrtype><attwidth Sync="TRUE">20</attwidth><atprecis Sync="TRUE">0</atprecis><attscale Sync="TRUE">0</attscale></attr><attr><attrlabl Sync="TRUE">D_AreaName</attrlabl><attalias Sync="TRUE">D_AreaName</attalias><attrtype Sync="TRUE">String</attrtype><attwidth Sync="TRUE">50</attwidth><atprecis Sync="TRUE">0</atprecis><attscale Sync="TRUE">0</attscale></attr><attr><attrlabl Sync="TRUE">D_Fee_Owner</attrlabl><attalias Sync="TRUE">D_Fee_Owner</attalias><attrtype Sync="TRUE">String</attrtype><attwidth Sync="TRUE">50</attwidth><atprecis Sync="TRUE">0</atprecis><attscale Sync="TRUE">0</attscale></attr><attr><attrlabl Sync="TRUE">D_Int_Holder</attrlabl><attalias Sync="TRUE">D_Int_Holder</attalias><attrtype Sync="TRUE">String</attrtype><attwidth Sync="TRUE">50</attwidth><atprecis Sync="TRUE">0</atprecis><attscale Sync="TRUE">0</attscale></attr><attr><attrlabl Sync="TRUE">Perimeter</attrlabl><attalias Sync="TRUE">Perimeter</attalias><attrtype Sync="TRUE">Double</attrtype><attwidth Sync="TRUE">8</attwidth><atprecis Sync="TRUE">0</atprecis><attscale Sync="TRUE">0</attscale></attr><attr><attrlabl Sync="TRUE">Area</attrlabl><attalias Sync="TRUE">Area</attalias><attrtype Sync="TRUE">Double</attrtype><attwidth Sync="TRUE">8</attwidth><atprecis Sync="TRUE">0</atprecis><attscale Sync="TRUE">0</attscale></attr><attr><attrlabl Sync="TRUE">Acres</attrlabl><attalias Sync="TRUE">Acres</attalias><attrtype Sync="TRUE">Double</attrtype><attwidth Sync="TRUE">8</attwidth><atprecis Sync="TRUE">0</atprecis><attscale Sync="TRUE">0</attscale></attr><attr><attrlabl Sync="TRUE">Hectares</attrlabl><attalias Sync="TRUE">Hectares</attalias><attrtype Sync="TRUE">Double</attrtype><attwidth Sync="TRUE">8</attwidth><atprecis Sync="TRUE">0</atprecis><attscale Sync="TRUE">0</attscale></attr><attr><attrlabl Sync="TRUE">Shape_Length</attrlabl><attalias Sync="TRUE">Shape_Length</attalias><attrtype Sync="TRUE">Double</attrtype><attwidth Sync="TRUE">8</attwidth><atprecis Sync="TRUE">0</atprecis><attscale Sync="TRUE">0</attscale><attrdef Sync="TRUE">Length of feature in internal units.</attrdef><attrdefs Sync="TRUE">Esri</attrdefs><attrdomv><udom Sync="TRUE">Positive real numbers that are automatically generated.</udom></attrdomv></attr><attr><attrlabl Sync="TRUE">Shape_Area</attrlabl><attalias Sync="TRUE">Shape_Area</attalias><attrtype Sync="TRUE">Double</attrtype><attwidth Sync="TRUE">8</attwidth><atprecis Sync="TRUE">0</atprecis><attscale Sync="TRUE">0</attscale><attrdef Sync="TRUE">Area of feature in internal units squared.</attrdef><attrdefs Sync="TRUE">Esri</attrdefs><attrdomv><udom Sync="TRUE">Positive real numbers that are automatically generated.</udom></attrdomv></attr></detailed></eainfo><mdDateSt Sync="TRUE">20130612</mdDateSt></metadata>
